{
  "segment_id": 1.0,
  "start": {
    "x": 91.074324382469,
    "y": 29.6269157603382
  },
  "mid": {
    "x": 91.0399078182336,
    "y": 29.6100970105864
  },
  "end": {
    "x": 91.036335812282,
    "y": 29.5699203970681
  }
}
